<?xml version="1.0" encoding="UTF-8"?>
<templates xml:space="preserve">

<t t-name="snippet_google_map.s_google_map_modal">
  <div class="modal fade" id="mapModal" contenteditable="False" contentEditable="false" backdrop="false" tabindex="1" role="dialog" aria-labelledby="myModalLabel" aria-hidden="true" style="z-index:2001">
  
    <div class="modal-dialog">
      <div class="modal-content gard_modal">
        <div class="modal-header">
          <button type="button" class="close" data-dismiss="modal">
            <span aria-hidden="true">×</span>
            <span class="sr-only">Close</span>
          </button>
          <h4 class="modal-title">Customize your map</h4> 
        </div>
          
        <div class="modal-body" contenteditable="false">
            

          <div class="form-group ">
            <label for="pin_address text-right" class="col-sm-3 control-label text-right">Address</label>
            <div class="input-group col-sm-8">  
              <div class="input-group-addon"><i class="fa fa-building-o"></i></div>                 
              <input type="text" class="form-control" id="pin_address" placeholder="Your address" />
              <input type="hidden" id="placeBk"/>
            </div>
            <div class="col-sm-8 col-sm-offset-3">
              <small class="help-block ">e.g. De Brouckere, Brussels, Belgium</small>
            </div>
          </div>

          <div class="form-group ">
            <label for="pin_style" class="col-sm-3 control-label text-right">Marker Style</label> 
            <div class="input-group col-sm-8">                      
              <select id="pin_style" name="pin_style" class=" col-sm-5">
                <option value="flat">Flat</option>
                <option>Default</option>
              </select>
            </div>
          </div>




        </div> <!-- modal-body -->

        <div class="modal-footer">
          <button id="cancel" data-dismiss="modal" class="btn btn-primary">Cancel</button>
          <button id="sub_map"  class="btn btn-danger">Save</button>
        </div>
      </div><!-- /.modal-content -->
    </div><!-- /.modal-dialog -->
  </div><!-- / .modal -->
</t>
</templates>
